<?xml version="1.0" encoding="UTF-8"?>
<project-private xmlns="http://www.netbeans.org/ns/project-private/1">
    <editor-bookmarks xmlns="http://www.netbeans.org/ns/editor-bookmarks/2" lastBookmarkId="0"/>
    <open-files xmlns="http://www.netbeans.org/ns/projectui-open-files/2">
        <group>
            <file>file:/C:/Users/shebo/Desktop/shahooba/semster%202,year%20two/se%20tagme3/restaurant-finalbuild/src/restaurant/Order.java</file>
            <file>file:/C:/Users/shebo/Desktop/shahooba/semster%202,year%20two/se%20tagme3/restaurant-finalbuild/src/restaurant/Observable.java</file>
            <file>file:/C:/Users/shebo/Desktop/shahooba/semster%202,year%20two/se%20tagme3/restaurant-finalbuild/src/restaurant/Observer.java</file>
        </group>
    </open-files>
</project-private>
